index,hashtags
0,tech
1,essentialtool
2,jobs
3,tapin
4,techindustry
5,technology
6,linkinbio
7,workshops
8,expandopportunity
9,computerclasses
10,computerworkshops
11,techworkshops
12,interviews
13,career
14,interviewing
15,expandopprtunity
16,interviewtips
17,workshop
18,collegeworkshop
19,kkcf
20,coding
21,topicthursday
22,tipthursdays
23,saturday
24,openhouse
25,bronxevents
26,nyc
27,newyorkevents
28,fellowship
29,techtuesday
30,dayinthelife
31,webdevelopment
32,developer
33,careertransitioner
34,protips
35,tips
36,techie
37,instatech
38,techtuesdays
39,techwebinar
40,womencrushwednesday
41,india
42,womensupportingwomen
43,wcm
44,womenshistorymonth
45,whm
46,poc
47,womenintech
48,codingfellowship
49,highschool
50,newyork
51,atlanta
52,newark
53,losangeles
54,techprogram
55,bronx
56,la
57,innovation
58,meetthetalent
59,studentspotlight
60,spotlight
61,webdeveloper
62,programming
63,javascript
64,programmer
65,coder
66,openhouses
67,altanta
68,nycevents
69,laevents
70,recruitment
71,mondaymotivation
72,uber
73,datascience
74,python
75,sql
76,leetcode
77,certificates
78,studenthighlight
79,techspotlights
80,learn
81,expandoppotunity
82,hiring
83,jobsearch
84,jobhunting
85,jobseeker
86,jobopportunity
87,girlpower
88,newjersey
89,linux
90,cybersecurity
91,techhighlights
92,wcw
93,patent
94,google
95,ai
96,fellow
97,techevents
98,techjobs
99,staffofthemonth
100,atl
101,tkhcommunity
102,funfridays
103,spotlights
104,staffspotlight
105,staff
106,monthlyspotlight
107,friyay
108,uxui
109,topictuesday
110,uxdesign
111,uidesign
112,team
113,expandopporunity
114,newhires
115,teamwork
116,dreamwork
117,nonprofit
118,firstdayofspring
119,apple
120,emoji
121,graphicdesign
122,conference
123,alumni
124,softwareengineer
125,technicalprojectmanager
126,webdev
127,womensday
128,internationalwomensday
129,upgrade
130,techworkshop
131,college
132,careerchange
133,collegplans
134,spotlighting
135,valentines
136,valentinesday
137,thinkingthursdays
138,tkhmoments
139,blackhistorymonth
140,blackfolks
141,bhm
142,blackleaders
143,successmindset
144,worklife
145,healthyworking
146,worklifebalance
147,tuesdaytips
148,tipoftheday
149,computerscience
150,grace
151,patience
152,sabbatical
153,retreat
154,funwithcolleagues
155,staffretreat
156,backtonature
157,staycation
158,teamspiritbuilding
159,dataprivacyday
160,digitalprivacy
161,technologists
162,dataprivacy
163,resilience
164,inclusive
165,techtalent
166,innovator
167,techcareers
168,newyorkcity
169,day
170,coffeetime
171,teambuilding
172,morningcoffee
173,futureopportunites
174,tuesdaythoughts
175,relatabletweets
176,zoom
177,mlk
178,martinluther
179,martinlutherking
180,healthfair
181,hivtesting
182,healthcheck
183,community
184,latinx
185,goldenhour
186,collegestudents
187,collegeexperience
188,highschoolworkshops
189,goals
190,newyear
191,officethoughts
192,hotchocolate
193,commandshift
194,programs
195,techprograms
196,dinnerparty
197,throwbackthursday
198,kkcfatl
199,tkhatl
200,techinatl
201,recap
202,
203,nye
204,sankofahaus
205,newyearseve
206,newyears
207,newinnovation
208,kwanzaa
209,tistheseason
210,nguzosaba
211,umoja
212,kujichagulia
213,ujima
214,ujamaa
215,nia
216,kuumba
217,imani
218,tkh
219,merrychristmas
220,christmas
221,happyholidays
222,mickeyfactz
223,listeningparty
224,shade
225,eastcoasthiphop
226,westcoasthiphop
227,nychiphop
228,apprenticeships
229,work
230,amazon
231,airbnb
232,linkedin
233,lyft
234,givingseason
235,learntocode
236,atlantatech
237,atlblacktech
238,givingweek
239,donate
240,alum
241,givingtuesday
242,friendsgiving
243,seasonofgiving
244,jobseekers
245,techroles
246,westcoast
247,skills
248,certifications
249,blackowned
250,smallbusinesssaturday
251,blackownedbusiness
252,communities
253,gscommunitydevelopmentchampions
254,houseofknowledge
255,tkhfamily
256,futuretechies
257,stem
258,techexperience
259,fellowshipcampaign
260,techgoals
261,techtok
262,womeninstem
263,givingclub
264,giving
265,expandopportuntiy
266,annivsary
267,campagin
268,advancement
269,techevent
270,techinnovation
271,webdevelopers
272,webdevelopement
273,dataprotection
274,stemsteamday
275,techopportunities
276,communitiesofcolor
277,technonprofits
278,techinla
279,techtalents
280,lastem
281,tkhfc
282,techies
283,opportunity
284,virtualinterview
285,volunteer
286,mockinterviews
287,teammember
288,organization
289,dreamteam
290,grateful
291,happyfriday
292,tgif
293,njtech
294,blacktech
295,campaign
296,kkcfnewark
297,html
298,css
299,fellows
300,thegreatrestoration
301,kkcfny
302,summercoding
303,freetech
304,nationaltechiesday
305,anniversary
306,tkhanniversary
307,shinjuwhisky
308,totalwine
309,costco
310,shinjuwhiskymovementnyc
311,redefineyourspirit
312,elevateyourspirit
313,tastiger
314,mvp
315,employeeappreciation
316,workfamily
317,careerchangers
318,freetechprograms
319,alumnisummit
320,studentreunion
321,networking
322,closingthedigitaldivide
323,expandingopportunity
324,retainingtalent
325,if
326,womenwhomaster
327,masterseries
328,logitech
329,motosolutionscares
330,expandopportunities
331,techworld
332,tkhla
333,hhm
334,hispanicheritagemonth
335,codingprogram
336,codenext
337,transferableskills
338,resume
339,resumebuilding
340,techcareer
341,womensequality
342,nationalwomensequalityday
343,fieldday
344,knowledgepays
345,innovationfellowship
346,nj
347,nan
348,tkhalumni
349,youtube
350,graduation
351,productivity
352,people
353,leadership
354,equity
355,blackfuturesmatter
356,blackphilanthropy
357,blackphilanthropymonth
358,internship
359,student
360,augmentedreality
361,blackbusinessmonth
362,nationalnonprofitday
363,sponsorship
364,volunteerism
365,employeespotlight
366,employeeofthemonth
367,employee
368,lastudents
369,capstone
370,postnotifications
371,throwback
372,studentprojects
373,codingprojects
374,freecoding
375,ny
376,nystudents
377,it
378,itcertification
379,throwbacktuesday
380,virtualinterviews
381,interviewpreparation
382,interviewadvice
383,lifechanging
384,knowledgefrees
385,techinatlanta
386,grads
387,students
388,careers
389,freecodingclasses
390,bloomberg
391,expandopporuntiy
392,youngchangemakers
393,interview
394,coverletters
395,resumes
396,elevatorpitch
397,strategy
398,pitch
399,job
400,thebestteam
401,remotework
402,tbt
403,feature
404,dontwaitinnovate
405,new
406,freetechtraining
407,lgtbq
408,pride
409,pridemonth
410,happypride
411,youtubechannel
412,grad
413,techtraining
414,techcertification
415,hackofknowledge
416,staffappreciationday
417,teamleader
418,design
419,techworkforce
420,highschoolgraduation
421,celebrations
422,digitalliteracy
423,learning
424,techlaunch
425,freecodingprograms
426,technologies
427,entrepreneurs
428,knowledgepay
429,mathematics
430,potential
431,learnontiktok
432,innovatenow
433,free
434,highschoolprograms
435,jobopportunities
436,uxuidesigner
437,careerchanger
438,freecodingprogram
439,techinlosangeles
440,happyjuneteenth
441,june
442,juneteenth
443,freedomday
444,juneteenthhistory
445,blackhistory
446,codingworkshop
447,howtocode
448,howtotech
449,techbasics
450,festival
451,summerfestival
452,innovative
453,learncode
454,hacking
455,freeopportunities
456,futuretechbosses
457,codingfellow
458,losangelescali
459,digitaldivide
460,maythethbewithyou
461,westchester
462,codinginfo
463,mountvernon
464,newrochelle
465,nycha
466,nycfilm
467,nycdocumentary
468,thepatterson
469,harlem
470,bronxfilm
471,harlemfilmfestival
472,panafricanfilmfestival
473,blacktechtwitter
474,machinelearning
475,techjob
476,teachingcode
477,computerbasics
478,podcast
479,spotify
480,radio
481,itunes
482,podcastshow
483,spotifypodcast
484,applepodcast
485,computers
486,radioshow
487,cqpmoments
488,leadbyexample
489,atlantageorgia
490,salary
491,jobworkshop
492,salarynegotiation
493,workbenefits
494,nationaleducationandsharingday
495,theproject
496,thecafegroup
497,luminaries
498,philanthropy
499,bethechange
500,education
501,nationalvolunteermonth
502,volunteering
503,giveback
504,socialimpact
505,graphicdesigner
506,worldcreativityandinnovationday
507,innovationday
